Gene_set,Term,P-value,Adjusted P-value,Old P-value,Old adjusted P-value,Odds Ratio,Combined Score,Genes,disease,direction
MSigDB_Hallmark_2020,Coagulation,0.00012648487968676837,0.0029091522327956724,0,0,18.83606557377049,169.06099287032424,MMP7;CRIP2;TIMP1;CLU,IPF,up
MSigDB_Hallmark_2020,Apoptosis,0.0019771310784312125,0.022737007401958945,0,0,13.915254237288135,86.63788178621463,CDKN1A;TIMP1;CLU,IPF,up
MSigDB_Hallmark_2020,Estrogen Response Late,0.029681892335626427,0.1531133224647034,0,0,8.15625,28.68731016708343,MDK;KLK11,IPF,up
MSigDB_Hallmark_2020,E2F Targets,0.032481514495802055,0.1531133224647034,0,0,36.01863354037267,123.43888761418712,CDKN1A,IPF,up
MSigDB_Hallmark_2020,Hypoxia,0.043194270388563896,0.1531133224647034,0,0,6.590333716915995,20.707141068140317,CDKN1A;TMEM45A,IPF,up
MSigDB_Hallmark_2020,DNA Repair,0.04834074057306802,0.1531133224647034,0,0,22.90513833992095,69.39067186857434,BCAM,IPF,up
MSigDB_Hallmark_2020,Myogenesis,0.049137164805880824,0.1531133224647034,0,0,6.118716577540107,18.436547280997083,CDKN1A;CLU,IPF,up
MSigDB_Hallmark_2020,Complement,0.053256807813809884,0.1531133224647034,0,0,5.839632277834525,17.125478683045383,TIMP1;CLU,IPF,up
MSigDB_Hallmark_2020,Inflammatory Response,0.070894753679527,0.16708193681198144,0,0,4.935930735930736,13.063231143730311,CDKN1A;TIMP1,IPF,up
MSigDB_Hallmark_2020,Cholesterol Homeostasis,0.08311823671869356,0.16708193681198144,0,0,12.578260869565218,31.288312546365525,CLU,IPF,up
MSigDB_Hallmark_2020,Angiogenesis,0.08311823671869356,0.16708193681198144,0,0,12.578260869565218,31.288312546365525,TIMP1,IPF,up
MSigDB_Hallmark_2020,Epithelial Mesenchymal Transition,0.09142799398007248,0.16708193681198144,0,0,4.235469448584203,10.132105125137908,VIM;TIMP1,IPF,up
MSigDB_Hallmark_2020,PI3K/AKT/mTOR  Signaling,0.09443761645894604,0.16708193681198144,0,0,10.93194706994329,25.797381483433536,CDKN1A,IPF,up
MSigDB_Hallmark_2020,heme Metabolism,0.17000543576110644,0.2542627928410448,0,0,5.6936758893280635,10.088765895089436,BCAM,IPF,up
MSigDB_Hallmark_2020,UV Response Dn,0.17344879640476868,0.2542627928410448,0,0,5.566183574879227,9.751245853660475,FHL2,IPF,up
MSigDB_Hallmark_2020,mTORC1 Signaling,0.17687846458507464,0.2542627928410448,0,0,5.444234404536862,9.431006008104044,CDKN1A,IPF,up
MSigDB_Hallmark_2020,p53 Pathway,0.20382909297155025,0.2757687728438621,0,0,4.631239935587762,7.365863999848129,CDKN1A,IPF,up
MSigDB_Hallmark_2020,Estrogen Response Early,0.2234849400791519,0.28556409010113853,0,0,4.163768115942029,6.239036984799695,FHL2,IPF,up
MSigDB_Hallmark_2020,Apical Junction,0.24267526338165119,0.2937647925146304,0,0,3.7812911725955205,5.354425876081383,MDK,IPF,up
MSigDB_Hallmark_2020,Interferon Gamma Response,0.2614106195997255,0.3006222125396843,0,0,3.46256038647343,4.645588645961135,CDKN1A,IPF,up
MSigDB_Hallmark_2020,Allograft Rejection,0.32919792383263147,0.34036122355847126,0,0,2.6137299771167046,2.904105228210893,TIMP1,IPF,up
MSigDB_Hallmark_2020,KRAS Signaling Up,0.3375872083015103,0.34036122355847126,0,0,2.5323868677905943,2.7499984346116264,TSPAN1,IPF,up
MSigDB_Hallmark_2020,TNF-alpha Signaling via NF-kB,0.34036122355847126,0.34036122355847126,0,0,2.5063680281071585,2.7012326360831853,CDKN1A,IPF,up
MSigDB_Hallmark_2020,Androgen Response,2.3612362514949542e-06,8.264326880232339e-05,0,0,19.651029748283754,254.60513273346277,TNFAIP8;SCD;SELENOP;KRT8;DBI;B2M,IPF,down
MSigDB_Hallmark_2020,Cholesterol Homeostasis,0.0001813574024145715,0.0031737545422550013,0,0,17.28808446455505,148.937554307078,FABP5;SCD;FASN;LPL,IPF,down
MSigDB_Hallmark_2020,Adipogenesis,0.005123284411244196,0.041975688158704325,0,0,6.356744704570792,33.52521449894727,LPL;ATP1B3;PLIN2;TKT,IPF,down
MSigDB_Hallmark_2020,Myc Targets V1,0.005179578668589147,0.041975688158704325,0,0,23.925,125.91803017178806,RPS10;PSMA7,IPF,down
MSigDB_Hallmark_2020,IL-2/STAT5 Signaling,0.00696362343842367,0.041975688158704325,0,0,4.543049543049543,22.565578452422493,CA2;SLC2A3;SLC39A8;PLIN2;HOPX,IPF,down
MSigDB_Hallmark_2020,p53 Pathway,0.007195832255777885,0.041975688158704325,0,0,5.728506787330317,28.265903370083905,LDHB;AK1;NUPR1;CTSD,IPF,down
MSigDB_Hallmark_2020,Estrogen Response Early,0.01033398044551332,0.0516699022275666,0,0,5.1201079622132255,23.410760473339575,ABCA3;FASN;KRT8;BLVRB,IPF,down
MSigDB_Hallmark_2020,Estrogen Response Late,0.013538959369251145,0.05923294724047376,0,0,4.7030603804797355,20.23343051083656,FABP5;CA2;ABCA3;BLVRB,IPF,down
MSigDB_Hallmark_2020,Reactive Oxygen Species Pathway,0.01593809033377295,0.06198146240911702,0,0,11.95,49.46156882357825,TXN;FTL,IPF,down
MSigDB_Hallmark_2020,mTORC1 Signaling,0.027903159256562823,0.09766105739796987,0,0,4.922899884925202,17.61913431158483,SCD;SLC2A3;NUPR1,IPF,down
MSigDB_Hallmark_2020,Interferon Alpha Response,0.037634637260928,0.11974657310295272,0,0,7.16,23.483586014023565,LAMP3;B2M,IPF,down
MSigDB_Hallmark_2020,Bile Acid Metabolism,0.06988960055080773,0.2038446682731892,0,0,4.930172413793104,13.118392160599774,ABCA3;HSD17B6,IPF,down
MSigDB_Hallmark_2020,Fatty Acid Metabolism,0.0905734195799268,0.2438515142536491,0,0,4.201470588235294,10.09022861921687,CA2;FASN,IPF,down
MSigDB_Hallmark_2020,Hypoxia,0.1050683069964153,0.26267076749103824,0,0,2.760467380720545,6.219732165480989,SDC2;SLC2A3;PLIN2,IPF,down
MSigDB_Hallmark_2020,Glycolysis,0.11739555204083925,0.26493154386993173,0,0,3.5675,7.642320830844377,SDC2;TXN,IPF,down
MSigDB_Hallmark_2020,heme Metabolism,0.1314736818261959,0.26493154386993173,0,0,3.316860465116279,6.729739349325172,CA2;BLVRB,IPF,down
MSigDB_Hallmark_2020,Complement,0.1357934784294746,0.26493154386993173,0,0,2.442462600690449,4.87666989360099,CA2;CTSH;CTSD,IPF,down
MSigDB_Hallmark_2020,UV Response Dn,0.13625050827596488,0.26493154386993173,0,0,3.2409090909090907,6.459974827185001,SDC2;TFPI,IPF,down
MSigDB_Hallmark_2020,Xenobiotic Metabolism,0.1508047445212299,0.2705623866387982,0,0,3.032446808510638,5.736689962903368,CA2;BLVRB,IPF,down
MSigDB_Hallmark_2020,DNA Repair,0.1564546786440862,0.2705623866387982,0,0,6.438832772166106,11.94396334882266,AK1,IPF,down
MSigDB_Hallmark_2020,KRAS Signaling Up,0.16233743198327893,0.2705623866387982,0,0,2.2357594936708862,4.064785588126732,SLPI;CA2;TFPI,IPF,down
MSigDB_Hallmark_2020,Apical Junction,0.242735760686307,0.3754274177601793,0,0,2.185769230769231,3.0945723656010307,ARPC2;CLDN18,IPF,down
MSigDB_Hallmark_2020,Oxidative Phosphorylation,0.2470571865578205,0.3754274177601793,0,0,3.7225471085120208,5.20462505670157,LDHB,IPF,down
MSigDB_Hallmark_2020,Angiogenesis,0.2576839027060985,0.3754274177601793,0,0,3.5358024691358025,4.794624622325682,LPL,IPF,down
MSigDB_Hallmark_2020,Pperoxisome,0.26816244125727096,0.3754274177601793,0,0,3.3668430335097,4.431312065986536,CADM1,IPF,down
MSigDB_Hallmark_2020,Myogenesis,0.3470453075107775,0.46717637549527746,0,0,1.6655882352941176,1.7626919267505174,SCD;AK1,IPF,down
MSigDB_Hallmark_2020,TNF-alpha Signaling via NF-kB,0.4125830519295247,0.5348298821308654,0,0,1.441326530612245,1.2760319689697663,TNFAIP8;SLC2A3,IPF,down
MSigDB_Hallmark_2020,Inflammatory Response,0.44656231155931797,0.542578951796054,0,0,1.3435714285714286,1.0831554871923972,CSF3R;LAMP3,IPF,down
MSigDB_Hallmark_2020,IL-6/JAK/STAT3 Signaling,0.44956541720244475,0.542578951796054,0,0,1.7184582956940682,1.3738625597612275,CSF3R,IPF,down
MSigDB_Hallmark_2020,UV Response Up,0.47263385023807564,0.5514061586110883,0,0,1.6004489337822672,1.199431312351184,CA2,IPF,down
MSigDB_Hallmark_2020,Coagulation,0.6038066437159477,0.6817171783889733,0,0,1.0964506172839505,0.5531607164089732,CTSH,IPF,down
MSigDB_Hallmark_2020,KRAS Signaling Dn,0.6258772448504217,0.6845532365551488,0,0,1.0312273057371097,0.48323416896942156,SELENOP,IPF,down
MSigDB_Hallmark_2020,Interferon Gamma Response,0.6467325260229038,0.6859284366909585,0,0,0.9732510288065843,0.4241646735463195,B2M,IPF,down
MSigDB_Hallmark_2020,Allograft Rejection,0.7461778864997032,0.768124294926165,0,0,0.7346328784925276,0.21509408132014357,B2M,IPF,down
MSigDB_Hallmark_2020,Epithelial Mesenchymal Transition,0.8305821834791646,0.8305821834791646,0,0,0.5645889792231256,0.10480374785294742,CADM1,IPF,down
MSigDB_Hallmark_2020,UV Response Dn,0.19294275492152993,0.3311228905435326,0,0,4.921367521367522,8.097429831571343,FHL2,CWP,up
MSigDB_Hallmark_2020,Estrogen Response Early,0.24770786039581547,0.3311228905435326,0,0,3.681410256410256,5.137427190974712,FHL2,CWP,up
MSigDB_Hallmark_2020,IL-2/STAT5 Signaling,0.3311228905435326,0.3311228905435326,0,0,2.5873303167420816,2.8596874588001127,TNFSF11,CWP,up
