Gene_set,Term,P-value,Adjusted P-value,Old P-value,Old adjusted P-value,Odds Ratio,Combined Score,Genes,direction
MSigDB_Hallmark_2020,Coagulation,0.0010382723572760482,0.02388026421734911,0,0,10.686206896551724,73.41634808025829,MMP7;CRIP2;TIMP1;CLU,Up_in_IPF
MSigDB_Hallmark_2020,Apoptosis,0.009742886148354628,0.11204319070607822,0,0,7.769423558897243,35.9818933505632,CDKN1A;TIMP1;CLU,Up_in_IPF
MSigDB_Hallmark_2020,E2F Targets,0.058851157556538955,0.30834314769205384,0,0,19.565217391304348,55.42324778855461,CDKN1A,Up_in_IPF
MSigDB_Hallmark_2020,Estrogen Response Late,0.08509910621002337,0.30834314769205384,0,0,4.4646464646464645,11.00061541267507,MDK;KLK11,Up_in_IPF
MSigDB_Hallmark_2020,DNA Repair,0.08701755125043464,0.30834314769205384,0,0,12.434782608695652,30.36133028081305,BCAM,Up_in_IPF
MSigDB_Hallmark_2020,Myogenesis,0.10611396279705954,0.30834314769205384,0,0,3.8952020202020203,8.737879374440034,CDKN1A;CLU,Up_in_IPF
MSigDB_Hallmark_2020,Hypoxia,0.11341387538787538,0.30834314769205384,0,0,3.735757575757576,8.131666615542395,CDKN1A;TMEM45A,Up_in_IPF
MSigDB_Hallmark_2020,Angiogenesis,0.13437588297062486,0.30834314769205384,0,0,7.582125603864735,15.218192793498861,TIMP1,Up_in_IPF
MSigDB_Hallmark_2020,Complement,0.13606841102898187,0.30834314769205384,0,0,3.3257575757575757,6.633547737722964,TIMP1;CLU,Up_in_IPF
MSigDB_Hallmark_2020,Cholesterol Homeostasis,0.14094607530171907,0.30834314769205384,0,0,7.1807780320366135,14.069857826901904,CLU,Up_in_IPF
MSigDB_Hallmark_2020,PI3K/AKT/mTOR  Signaling,0.14746846193967794,0.30834314769205384,0,0,6.819565217391304,13.053608998949123,CDKN1A,Up_in_IPF
MSigDB_Hallmark_2020,Inflammatory Response,0.16503017875846981,0.3163078426204005,0,0,2.9301435406698566,5.279025483036771,CDKN1A;TIMP1,Up_in_IPF
MSigDB_Hallmark_2020,heme Metabolism,0.21013514822607626,0.37088433867598003,0,0,4.5318840579710145,7.0697590357439415,BCAM,Up_in_IPF
MSigDB_Hallmark_2020,Epithelial Mesenchymal Transition,0.22575568441146612,0.37088433867598003,0,0,2.362082362082362,3.515491683706178,TIMP1;VIM,Up_in_IPF
MSigDB_Hallmark_2020,UV Response Dn,0.28502719107738916,0.43314326513867013,0,0,3.1486349848331647,3.9520743652854975,FHL2,Up_in_IPF
MSigDB_Hallmark_2020,mTORC1 Signaling,0.30131705400950964,0.43314326513867013,0,0,2.940453686200378,3.5273454035273537,CDKN1A,Up_in_IPF
MSigDB_Hallmark_2020,p53 Pathway,0.32767935261861536,0.4433308888369502,0,0,2.6479113384484227,2.9543269294870935,CDKN1A,Up_in_IPF
MSigDB_Hallmark_2020,Apical Junction,0.3629900502002894,0.4453368698855876,0,0,2.323088455772114,2.3541710424845954,MDK,Up_in_IPF
MSigDB_Hallmark_2020,Estrogen Response Early,0.3678869794707028,0.4453368698855876,0,0,2.2829771554900518,2.2829303749778656,FHL2,Up_in_IPF
MSigDB_Hallmark_2020,Interferon Gamma Response,0.4057844204595334,0.4666520835284634,0,0,2.0051914341336796,1.8085488160161531,CDKN1A,Up_in_IPF
MSigDB_Hallmark_2020,Allograft Rejection,0.46692510710045165,0.5113941649195424,0,0,1.651100375738057,1.2574555984758695,TIMP1,Up_in_IPF
MSigDB_Hallmark_2020,KRAS Signaling Up,0.5029950194068807,0.5258584293799208,0,0,1.4816425120772947,1.0181477091006699,TSPAN1,Up_in_IPF
MSigDB_Hallmark_2020,TNF-alpha Signaling via NF-kB,0.5294201162943917,0.5294201162943917,0,0,1.3715822501120574,0.8722892668589665,CDKN1A,Up_in_IPF
MSigDB_Hallmark_2020,Androgen Response,5.842353544426154e-05,0.002044823740549154,0,0,11.041866028708133,107.63381052549356,TNFAIP8;SCD;SELENOP;KRT8;DBI;B2M,Down_in_IPF
MSigDB_Hallmark_2020,Cholesterol Homeostasis,0.00145093256921744,0.025391319961305198,0,0,9.881410256410257,64.58043872717006,FABP5;SCD;FASN;LPL,Down_in_IPF
MSigDB_Hallmark_2020,Myc Targets V1,0.016618332043654132,0.1938805405092982,0,0,12.8875,52.803294592719205,RPS10;PSMA7,Down_in_IPF
MSigDB_Hallmark_2020,Adipogenesis,0.03379757294201716,0.24439169714596887,0,0,3.5606060606060606,12.06107692571717,LPL;ATP1B3;PLIN2;TKT,Down_in_IPF
MSigDB_Hallmark_2020,IL-2/STAT5 Signaling,0.04253698886106666,0.24439169714596887,0,0,2.8098330241187384,8.871714121221627,CA2;SLC2A3;SLC39A8;PLIN2;HOPX,Down_in_IPF
MSigDB_Hallmark_2020,p53 Pathway,0.043544572957633323,0.24439169714596887,0,0,3.2596153846153846,10.215537478214872,LDHB;AK1;NUPR1;CTSD,Down_in_IPF
MSigDB_Hallmark_2020,Reactive Oxygen Species Pathway,0.04887833942919377,0.24439169714596887,0,0,6.43125,19.412219651683913,TXN;FTL,Down_in_IPF
MSigDB_Hallmark_2020,Estrogen Response Early,0.06730952773723763,0.2944791838504146,0,0,2.7866300366300365,7.519591523213471,FASN;ABCA3;KRT8;BLVRB,Down_in_IPF
MSigDB_Hallmark_2020,Estrogen Response Late,0.08498049945981508,0.33047972012150306,0,0,2.5540142917192097,6.2964969083980105,FABP5;CA2;ABCA3;BLVRB,Down_in_IPF
MSigDB_Hallmark_2020,Interferon Alpha Response,0.10055148327117226,0.3462483034371733,0,0,4.052631578947368,9.309240877350325,LAMP3;B2M,Down_in_IPF
MSigDB_Hallmark_2020,Bile Acid Metabolism,0.10882089536596876,0.3462483034371733,0,0,3.84875,8.53672728862818,ABCA3;HSD17B6,Down_in_IPF
MSigDB_Hallmark_2020,mTORC1 Signaling,0.11941994668515521,0.3483081778317027,0,0,2.636651323360184,5.603171547602354,SCD;SLC2A3;NUPR1,Down_in_IPF
MSigDB_Hallmark_2020,heme Metabolism,0.18950935509806477,0.4973779986398241,0,0,2.646551724137931,4.402054178798823,CA2;BLVRB,Down_in_IPF
MSigDB_Hallmark_2020,Fatty Acid Metabolism,0.19895119945592965,0.4973779986398241,0,0,2.5575,4.129584286498347,CA2;FASN,Down_in_IPF
MSigDB_Hallmark_2020,DNA Repair,0.26943955273264286,0.587664913407199,0,0,3.4657687991021326,4.545048047195944,AK1,Down_in_IPF
MSigDB_Hallmark_2020,Glycolysis,0.28548756971749123,0.587664913407199,0,0,1.9615384615384615,2.4588998562811586,SDC2;TXN,Down_in_IPF
MSigDB_Hallmark_2020,Xenobiotic Metabolism,0.3047724173151304,0.587664913407199,0,0,1.8646341463414635,2.215539559892252,CA2;BLVRB,Down_in_IPF
MSigDB_Hallmark_2020,UV Response Dn,0.3143844793555007,0.587664913407199,0,0,1.8196428571428571,2.105578961944541,SDC2;TFPI,Down_in_IPF
MSigDB_Hallmark_2020,Hypoxia,0.3190180958496223,0.587664913407199,0,0,1.5523434827232296,1.7735639955301439,SDC2;SLC2A3;PLIN2,Down_in_IPF
MSigDB_Hallmark_2020,Pperoxisome,0.3592453617938282,0.6102937935978983,0,0,2.378858024691358,2.435355105645976,CADM1,Down_in_IPF
MSigDB_Hallmark_2020,Complement,0.38326732055212887,0.6102937935978983,0,0,1.3798993442122922,1.323354613189092,CA2;CTSH;CTSD,Down_in_IPF
MSigDB_Hallmark_2020,Angiogenesis,0.3920323595570226,0.6102937935978983,0,0,2.1131687242798356,1.9787942115462787,LPL,Down_in_IPF
MSigDB_Hallmark_2020,Oxidative Phosphorylation,0.40779872791569055,0.6102937935978983,0,0,2.001299545159194,1.7951287484774046,LDHB,Down_in_IPF
MSigDB_Hallmark_2020,KRAS Signaling Up,0.4184871727528445,0.6102937935978983,0,0,1.2993383199079402,1.1318653565593195,SLPI;CA2;TFPI,Down_in_IPF
MSigDB_Hallmark_2020,Apical Junction,0.45296770531801206,0.6341547874452168,0,0,1.3342105263157895,1.0566072749780628,ARPC2;CLDN18,Down_in_IPF
MSigDB_Hallmark_2020,Myogenesis,0.5747349241035105,0.7736816286008795,0,0,1.0510416666666667,0.5821155866167986,SCD;AK1,Down_in_IPF
MSigDB_Hallmark_2020,IL-6/JAK/STAT3 Signaling,0.6216282352084815,0.8058143789739576,0,0,1.050411522633745,0.4993793536329552,CSF3R,Down_in_IPF
MSigDB_Hallmark_2020,UV Response Up,0.6504770594319329,0.8130963242899161,0,0,0.9686609686609686,0.41657192085418215,CA2,Down_in_IPF
MSigDB_Hallmark_2020,KRAS Signaling Dn,0.6855875198813307,0.8206221592485112,0,0,0.877404536319265,0.3312018879292304,SELENOP,Down_in_IPF
MSigDB_Hallmark_2020,Inflammatory Response,0.7215273844623235,0.8206221592485112,0,0,0.7905263157894736,0.25801588935357345,CSF3R;LAMP3,Down_in_IPF
MSigDB_Hallmark_2020,TNF-alpha Signaling via NF-kB,0.7268367696201099,0.8206221592485112,0,0,0.78203125,0.24950969217231417,TNFAIP8;SLC2A3,Down_in_IPF
MSigDB_Hallmark_2020,Coagulation,0.8050735181956661,0.8805491605265098,0,0,0.6148552924509209,0.13331395671750618,CTSH,Down_in_IPF
MSigDB_Hallmark_2020,Interferon Gamma Response,0.8338916348974381,0.8844305218609192,0,0,0.558688041275106,0.10148669908598165,B2M,Down_in_IPF
MSigDB_Hallmark_2020,Allograft Rejection,0.8857793855311004,0.9118317203996621,0,0,0.45999085505258347,0.05579107639302216,B2M,Down_in_IPF
MSigDB_Hallmark_2020,Epithelial Mesenchymal Transition,0.9578993712457259,0.9578993712457259,0,0,0.31188533165934296,0.01341498248090823,CADM1,Down_in_IPF
